G3SG1 - Jungle Dashed,1309440
SG 553 - Waves Perforated,1313
Galil AR - Sage Spray,323454
AUG - Storm,722792
XM1014 - Blue Spruce,793098
P250 - Boreal Forest,68184
XM1014 - Blue Steel,238684
FAMAS - Cyanospatter,92586
PP-Bizon - Night Ops,1055113
AWP - Safari Mesh,161464
Desert Eagle - Mudder,216656
SG 553 - Anodized Navy,1183013
P90 - Teardown,346232
USP-S - Night Ops,237182
Dual Berettas - Cobalt Quartz,100667
XM1014 - Grassland,386249
MAC-10 - Tornado,1450969
PP-Bizon - Forest Leaves,807012
P2000 - Grassland Leaves,560926
Nova - Modern Hunter,364337
Nova - Blaze Orange,836948
P250 - Modern Hunter,242269
XM1014 - Blaze Orange,200010
PP-Bizon - Modern Hunter,394876
M4A4 - Modern Hunter,1480318
SCAR-20 - Splash Jam,1119793
Galil AR - Hunting Blind,112615
P90 - Scorched,996535
G3SG1 - Safari Mesh,454050
M249 - Jungle DDPAT,43796
Tec-9 - Tornado,67283
MP9 - Dry Season,99566
Five-SeveN - Anodized Gunmetal,1403637
XM1014 - Jungle,261813
MP7 - Groundwater,293807
Glock-18 - Sand Dune,116496
SSG 08 - Mayan Dreams,1556735
Negev - Palm,275385
Sawed-Off - Mosaico,495721
P250 - Facets,1078035
AUG - Anodized Navy,720763
MAG-7 - Hazard,46234
PP-Bizon - Rust Coat,78245
FAMAS - Spitfire,911880
SCAR-20 - Emerald,36311
SG 553 - Tornado,343880
UMP-45 - Caramel,510190
Five-SeveN - Candy Apple,1219331
AUG - Hot Rod,1146887
Negev - Anodized Navy,275
MP9 - Bulldozer,761132
Glock-18 - Fade,105783
Nova - Forest Leaves,162988
Five-SeveN - Jungle,511930
SSG 08 - Lichen Dashed,173688
AK-47 - Jungle Spray,110604
M4A4 - Jungle Tiger,126033
Tec-9 - Ossified,584912
M4A4 - Desert Storm,257139
SCAR-20 - Palm,249779
AK-47 - Predator,334589
AWP - Snake Camo,1240610
AUG - Copperhead,1364610
Sawed-Off - Copper,995294
Desert Eagle - Blaze,121335
P2000 - Scorpion,580951
Glock-18 - Brass,125296
Nova - Predator,1138946
MP9 - Sand Dashed,337470
P90 - Sand Spray,195625
SCAR-20 - Sand Mesh,41286
P250 - Sand Dune,66741
G3SG1 - Desert Storm,161074
Tec-9 - VariCamo,274705
MAC-10 - Palm,313300
Five-SeveN - Orange Peel,55793
AK-47 - Safari Mesh,347111
Sawed-Off - Snake Camo,185384
M4A1-S - VariCamo,1584443
PP-Bizon - Brass,1212780
SG 553 - Damascus Steel,843933
P2000 - Amber Fade,964169
R8 Revolver - Amber Fade,134804
PP-Bizon - Sand Dashed,1596890
Nova - Sand Dune,845450
FAMAS - Colony,929405
AUG - Contractor,1120542
Tec-9 - Groundwater,896951
Nova - Candy Apple,1148933
Dual Berettas - Stained,530025
P2000 - Granite Marbleized,348209
UMP-45 - Gunsmoke,1140983
M4A1-S - Boreal Forest,129480
XM1014 - CaliCamo,30857
MP7 - Anodized Navy,54705
Glock-18 - Candy Apple,83417
Sawed-Off - Full Stop,246820
AWP - Pit Viper,411301
AUG - Colony,687404
Five-SeveN - Contractor,903675
P250 - Bone Mask,1239532
MP7 - Orange Peel,2095
Glock-18 - Groundwater,79271
SG 553 - Gator Mesh,1117641
SSG 08 - Tropical Storm,801110
Negev - CaliCamo,4398
MP9 - Hot Rod,350872
UMP-45 - Blaze,1535855
MAC-10 - Amber Fade,297661
MAG-7 - Bulldozer,199860
MAG-7 - Irradiated Alert,1346806
Sawed-Off - Irradiated Alert,220585
PP-Bizon - Irradiated Alert,1097184
P90 - Fallout Warning,469684
UMP-45 - Fallout Warning,1445942
XM1014 - Fallout Warning,291143
M4A4 - Radiation Hazard,83751
P250 - Nuclear Threat,1282456
Tec-9 - Nuclear Threat,210393
Sealed Dead Hand Termina,679116
Sealed Genesis Terminal,113372
Kilowatt Case,940301
Revolution Case,140206
Dreams & Nightmares Case,1580766
Recoil Case,1089720
Snakebite Case,309348
Fracture Case,274492
Prisma 2 Case,671707
CS20 Case,193399
Prisma Case,930480
Danger Zone Case,349205
Horizon Case,417956
Clutch Case,470790
Spectrum 2 Case,820136
Operation Hydra Case,221782
Spectrum Case,182441
Glove Case,136605
Gamma 2 Case,35166
Gamma Case,294938
Chroma 3 Case,1002418
Operation Wildfire Case,180279
Revolver Case,116278
Shadow Case,317637
Falchion Case,80998
Chroma 2 Case,646457
Chroma Case,1150441
Operation Vanguard Weapon Case,962438
Operation Breakout Weapon Case,107468
Community Sticker Capsule 1,116283
Huntsman Weapon Case,721936
Sticker Capsule 2,166814
Operation Phoenix Weapon Case,100831
CS:GO Weapon Case 3,473190
Sticker Capsule,308482
Winter Offensive Weapon Case,489085
CS:GO Weapon Case 2,590523
Operation Bravo Case,153894
CS:GO Weapon Case,67358
eSports 2014 Summer Case,1300277
eSports 2013 Winter Case,51643
eSports 2013 Case,24928
Fever Case,236600
Gallery Case,1329597
Operation Riptide Case,224047
Operation Broken Fang Case,284285
Shattered Web Case,549009
